_id,word,freq,ind
0,ZONAL,49,1980
1,ZOMBI,10,2438
2,ZENIT,110,1580
3,ZELOS,204,1240
4,ZEFIR,71,1797
5,ZEBRA,60,1877
6,XUTAR,83,1716
7,XUSMA,62,1861
8,XURRO,98,1629
9,XURMA,82,1720
10,XUMAR,23,2368
11,XULLA,127,1512
12,XUFLA,33,2194
13,XUETA,124,1523
14,XOTIS,43,2050
15,XORIC,88,1690
16,XOPAR,145,1438
17,XOFER,628,740
18,XOCAR,465,872
19,XIROI,102,1616
20,XINXA,134,1485
21,XINES,1901,426
22,XIITA,38,2116
23,XIFRA,3912,256
24,XICRA,266,1113
25,XICOT,3056,307
26,XERPA,73,1779
27,XERIF,165,1415
28,XERES,86,1694
29,XEREC,23,2370
30,XEIXA,93,1665
31,XAVAL,247,1151
32,XAUXA,37,2121
33,XARXA,3819,262
34,XARUC,106,1596
35,XAROP,312,1032
36,XAROL,161,1383
37,XAPAT,52,1941
38,XAPAR,102,1613
39,XANXA,28,2266
40,XAMPU,46,2018
41,XAMOS,219,1209
42,XAMBA,24,2346
43,XAMAN,61,1864
44,XALOC,101,1619
45,XALET,487,853
46,XALAT,18,2411
47,XALAR,110,1581
48,XAFEC,344,980
49,XAFAR,221,1203
50,XACRA,142,1450
51,XACAL,191,1279
52,XABEC,84,1709
53,WEBER,10,2436
54,VULVA,63,1852
55,VUITE,505,833
56,VOTIU,99,1626
57,VOTAR,1573,476
58,VOSTE,14714,68
59,VORAL,37,2122
60,VORAC,132,1493
61,VOMIT,446,886
62,VOLVA,266,1114
63,VOLUM,6588,166
64,VOLTA,14007,72
65,VOLER,123665,5
66,VOLEA,33,2190
67,VOLCA,524,819
68,VOLAT,62,1858
69,VOLAR,4518,232
70,VOGAR,260,1126
71,VODKA,51,1955
72,VOCAL,2919,321
73,VIVOR,250,1142
74,VIVID,99,1625
75,VIVER,233,1175
76,VIVAC,115,1551
77,VIURE,39561,25
78,VIUDO,470,868
79,VIUDA,908,630
80,VITRI,85,1701
81,VITAL,2617,344
82,VISTA,14934,67
83,VISOR,42,2072
84,VISIR,59,1886
85,VISIO,7789,133
86,VISCA,358,963
87,VISAT,50,1970
88,VISAR,34,2163
89,VIRUS,507,832
90,VIRIL,421,900
91,VIRIC,78,1740
92,VIRAT,31,2226
93,VIRAR,116,1550
94,VIOLI,1033,593
95,VIOLA,680,722
96,VINYA,3530,274
97,VINTE,68,1818
98,VINOS,95,1649
99,VINIL,19,2408
100,VINIC,28,2271
101,VINGA,1278,530
102,VINCA,39,2396
103,VIMET,247,1152
104,VIGOR,975,606
105,VIGIR,27,2294
106,VIDRE,5692,189
107,VIDEO,547,803
108,VIBRA,45,2029
109,VIARI,139,1465
110,VEXAR,132,1492
111,VEURE,157641,3
112,VETAR,24,2341
113,VESTA,203,1245
114,VESPA,234,1174
115,VERSO,84,1711
116,VERRO,44,2042
117,VERRA,23,2366
118,VERGE,1122,566
119,VERGA,287,1074
120,VERBA,78,1741
121,VERAT,119,1536
122,VERAL,88,1685
123,VERAC,61,1866
124,VENUT,484,857
125,VENUS,94,1660
126,VENOS,150,1419
127,VENIR,66272,15
128,VENIA,187,1288
129,VENDA,4139,246
130,VENAL,79,1737
131,VELOC,178,1315
132,VELLO,109,1583
133,VELER,734,701
134,VELAT,219,1208
135,VELAR,286,1075
136,VELAM,61,1869
137,VEIRE,138,1469
138,VEDET,96,1644
139,VEDAT,225,1196
140,VEDAR,143,1444
141,VATUA,215,1214
142,VATER,210,1229
143,VARAR,131,1495
144,VAPOR,2741,334
145,VANAR,189,1284
146,VAMBA,14,2424
147,VALVA,116,1548
148,VALUA,620,745
149,VALOR,19365,51
150,VALID,1695,452
151,VALER,15990,63
152,VAIVE,230,1183
153,VAGUE,1673,459
154,VAGIT,21,2393
155,VAGAR,693,718
156,VAGAL,33,2187
157,UTERI,162,1378
158,USURA,198,1260
159,USUAL,1028,595
160,URGIR,152,1417
161,URANI,164,1367
162,UNTAR,539,807
163,UNGLA,1374,512
164,UNGIR,225,1198
165,UNCIO,278,1088
166,ULTRA,1793,437
167,ULTIM,17315,58
168,ULLET,42,2069
169,ULLAT,30,2232
170,ULLAR,116,1545
171,ULLAL,357,965
172,UIXER,66,1833
173,UFANA,244,1154
174,TUTSI,57,1901
175,TUTOR,304,1046
176,TURBA,382,938
177,TUNEL,515,825
178,TUMUL,243,1159
179,TUMOR,771,693
180,TUDAR,47,2005
181,TRUST,78,1745
182,TRULL,126,1517
183,TRUJA,148,1426
184,TRUFA,33,2177
185,TROPA,2514,352
186,TRONC,3041,308
187,TRONA,420,901
188,TROIA,175,1325
189,TROCA,317,1024
190,TROBA,106,1595
191,TRITO,70,1806
192,TRIST,8665,119
193,TRIPA,241,1164
194,TRILL,38,2115
195,TRIBU,1521,517
196,TRIAT,429,894
197,TRIAR,3939,255
198,TRIAL,50,1972
199,TREVA,742,697
200,TRETA,99,1624
201,TREPA,175,1364
202,TRENC,446,885
203,TRENA,486,854
204,TREMP,500,837
205,TRAVA,408,908
206,TRAUT,120,1534
207,TRAST,314,1031
208,TRAPA,85,1700
209,TRANC,30,2243
210,TRAMA,723,704
211,TRAIR,1192,549
212,TRAGO,200,1251
213,TRAGI,139,1464
214,TRACI,25,2333
215,TRACA,1383,532
216,TOXIC,852,649
217,TOTXO,247,1150
218,TOTIL,68,1819
219,TOTEM,194,1270
220,TOTAL,10566,94
221,TOSSA,111,1574
222,TOSCA,231,1435
223,TORXA,322,1010
224,TORTO,58,1893
225,TORTA,34,2166
226,TORRO,392,925
227,TORRE,4687,227
228,TORNA,177,1316
229,TORIA,41,2079
230,TORBA,61,1868
231,TORAX,168,1352
232,TORAL,30,2238
233,TOPIC,879,635
234,TOPAR,2908,324
235,TONUS,44,2041
236,TONIC,575,780
237,TONAL,69,1813
238,TOMBA,2123,398
239,TOMAR,83,1713
240,TOLLA,22,2381
241,TOIXO,78,1750
242,TOISO,34,2165
243,TOGAT,22,2382
244,TOFUT,36,2141
245,TOCOM,76,1758
246,TOCAT,711,709
247,TOCAR,17917,56
248,TITOT,34,2171
249,TITOL,7223,150
250,TITET,27,2299
251,TISSU,42,2066
252,TISIC,169,1348
253,TIRAT,685,721
254,TIRAR,11718,87
255,TIPUS,17299,59
256,TIPLE,142,1448
257,TIPIC,3599,272
258,TINYA,98,1630
259,TINTA,1059,585
260,TIMUS,34,2169
261,TIMPA,139,1463
262,TIMID,1128,564
263,TIMIC,35,2160
264,TIMBA,269,1107
265,TIGRE,601,756
266,TIFUS,173,1333
267,TIFIC,55,1916
268,TIBIA,126,1518
269,TIBAT,319,1020
270,TIBAR,331,998
271,TIARA,136,1473
272,TEUTO,37,2124
273,TEULA,522,820
274,TESTA,2263,380
275,TESAR,50,1974
276,TERRE,145,1437
277,TERRA,57582,16
278,TERNA,40,2090
279,TERME,18442,54
280,TERCA,96,1641
281,TENUE,499,839
282,TENOR,593,765
283,TENIR,301463,1
284,TENIA,23,2361
285,TENDO,174,1332
286,TENDA,1986,414
287,TENCA,54,1930
288,TENAC,367,951
289,TEMPS,74095,13
290,TEMPO,48,1991
291,TEMOR,2508,356
292,TEMER,5914,180
293,TELLA,27,2301
294,TELEX,44,2045
295,TELER,857,644
296,TEIXO,52,1948
297,TECLA,249,1144
298,TEBEO,70,1804
299,TAXON,17,2418
300,TAXAR,55,1918
301,TAVEC,73,1784
302,TAURO,243,1156
303,TAURI,35,2143
304,TAURE,135,1479
305,TAULO,314,1030
306,TAULA,15934,64
307,TAUJA,106,1601
308,TATXA,91,1677
309,TASSO,199,1255
310,TASSA,1736,448
311,TASCO,156,1396
312,TASCA,8012,128
313,TAROT,57,1904
314,TARJA,248,1146
315,TARDA,11654,96
316,TARAR,24,2342
317,TAPIS,641,737
318,TAPIA,306,1044
319,TAPET,50,1971
320,TAPER,62,1860
321,TAPAR,3281,292
322,TANKA,30,2233
323,TANGO,167,1360
324,TANDA,270,1105
325,TANCA,1129,563
326,TAMPO,24,2352
327,TAMIS,26,2315
328,TAMBE,107329,8
329,TALUS,135,1482
330,TALOS,71,1795
331,TALLA,1173,554
332,TALIO,31,2217
333,TALEM,208,1231
334,TALEC,28,2282
335,TALAR,102,1614
336,TAIFA,88,1688
337,TACTE,854,648
338,TACIT,267,1110
339,TACAT,348,976
340,TACAR,418,904
341,TABAL,254,1132
342,TABAC,1474,494
343,SWING,35,2144
344,SUTZE,21,2386
345,SUTGE,168,1353
346,SURRA,29,2255
347,SURER,176,1323
348,SURAR,1037,592
349,SUPER,24,2344
350,SUMME,474,867
351,SUMMA,66,1835
352,SUMIR,143,1445
353,SUMAR,1369,515
354,SUMAC,29,2249
355,SULTA,78,1744
356,SULLA,14,2423
357,SUITE,108,1588
358,SUFIX,238,1168
359,SUCRE,2932,319
360,SUCOS,282,1080
361,SUCAR,237,1171
362,SUARA,911,628
363,SUADA,84,1710
364,SOTIL,81,1872
365,SORRA,2542,348
366,SORNA,86,1696
367,SORGE,39,2106
368,SOPOR,72,1790
369,SOPIT,72,1791
370,SOPER,162,1380
371,SOPAR,4735,224
372,SONSO,92,1671
373,SONOR,1796,436
374,SONET,489,849
375,SONDA,212,1222
376,SONAT,159,1391
377,SONAR,3448,281
378,SOMNI,6769,161
379,SOMER,40,2091
380,SOLTA,339,990
381,SOLIU,104,1607
382,SOLID,3116,301
383,SOLFA,196,1265
384,SOLER,10823,93
385,SOLDA,190,1280
386,SOLAR,2070,411
387,SOLAC,48,1990
388,SOGRE,642,736
389,SOGRA,569,783
390,SOFRE,912,627
391,SODIC,419,903
392,SOCOL,340,988
393,SOBRI,386,931
394,SOBRE,83024,12
395,SOBRA,737,700
396,SITJA,160,1388
397,SISME,40,2094
398,SIRIA,31,2218
399,SIRGA,84,1705
400,SIPIA,89,1684
401,SINUS,73,1785
402,SINIA,186,1292
403,SIMIL,173,1337
404,SILEX,317,1026
405,SIGNE,6732,162
406,SIGLA,138,1468
407,SIENA,25,2332
408,SIDRA,29,2261
409,SEVER,1487,499
410,SEURE,5334,207
411,SETZE,1278,551
412,SETGE,717,706
413,SESTA,131,1500
414,SESAM,22,2383
415,SERVA,66,1838
416,SERUM,555,796
417,SERRA,4185,247
418,SEROS,27,2298
419,SERMO,1476,493
420,SERIE,7856,132
421,SERBI,298,1052
422,SEPIA,127,1513
423,SEPAL,79,1738
424,SENYA,576,778
425,SENSE,91132,10
426,SENIL,115,1553
427,SENIA,36,2142
428,SENET,37,2132
429,SENDA,218,1211
430,SENAT,584,770
431,SENAR,106,1598
432,SEMIS,64,1845
433,SEMEN,84,1706
434,SEMAL,75,1770
435,SELVA,1016,597
436,SELLO,30,2239
437,SELLA,333,995
438,SEITO,25,2329
439,SEGUR,13673,76
440,SEGON,28309,33
441,SEGOL,244,1155
442,SEGLE,31971,30
443,SEGAR,852,650
444,SEDOS,254,1134
445,SEDER,59,1891
446,SEDAS,532,810
447,SECTA,650,732
448,SECOR,25,2330
449,SAURI,68,2158
450,SAUNA,42,2064
451,SAULO,98,1635
452,SAULE,72,1789
453,SATIR,91,1676
454,SARRO,527,814
455,SARNA,76,1757
456,SARJA,95,1653
457,SARGA,35,2161
458,SARAU,323,1006
459,SANTO,35,2149
460,SANAR,41,2081
461,SALZE,342,983
462,SALVE,183,1301
463,SALVA,121,1532
464,SALUT,5718,187
465,SALSA,1166,557
466,SALMO,155,1405
467,SALIC,30,2320
468,SALER,72,1794
469,SALDO,500,838
470,SALAT,855,647
471,SALAR,141,1453
472,SAGAL,37,2135
473,SAGAC,106,1597
474,SAFRA,368,962
475,SAFIR,124,1524
476,SADIC,104,1606
477,SACSO,55,1922
478,SACRE,350,972
479,SABUT,517,823
480,SABRE,461,875
481,SABOR,667,725
482,SABLE,15,2422
483,SABER,116111,6
484,SABAT,78,1748
485,RURAL,2770,332
486,RUPIT,55,1924
487,RUMOR,577,775
488,RUMBA,52,1945
489,RUIXA,24,2347
490,RUINA,2101,407
491,RUGOS,128,1508
492,RUGIT,38,2112
493,RUGIR,81,1732
494,RUGBI,81,1729
495,RUFOL,119,1537
496,RUFIA,25,2334
497,RUBOR,118,1540
498,RUBLE,45,2033
499,ROURE,1278,529
500,ROTOR,42,2074
501,ROTAR,48,1988
502,ROSTA,29,2254
503,ROSSI,118,1541
504,ROSSA,198,1258
505,ROSER,824,660
506,ROSEC,141,1452
507,ROSCA,95,1647
508,ROSAT,1360,518
509,ROSAR,31,2211
510,RONYO,826,659
511,RONYA,112,1570
512,RONSA,24,2343
513,RONEC,310,1036
514,RONDO,35,2145
515,RONDA,816,662
516,ROMEU,204,1239
517,ROMER,81,1730
518,ROMBE,97,1640
519,ROJOR,161,1381
520,ROGLE,140,1457
521,ROGER,115,1557
522,ROENT,586,769
523,RODOL,59,1887
524,RODET,271,1101
525,RODER,29,2247
526,RODAT,160,1387
527,RODAR,2215,387
528,RODAL,171,1344
529,ROCOS,453,878
530,ROCAM,260,1127
531,ROBOT,132,1491
532,ROBER,17,2417
533,ROBAR,3092,305
534,RIVET,83,1714
535,RIVAL,1026,596
536,RIURE,14705,69
537,RITME,4982,218
538,RIOTA,174,1330
539,RIMEL,48,1985
540,RIMAR,155,1398
541,RIGOR,1758,443
542,RIGID,1369,514
543,RIFLE,67,1829
544,RIFAR,146,1434
545,RIERO,35,2156
546,RIERA,1805,435
547,RIENT,58,1896
548,RIELL,51,1965
549,RIBOT,64,1849
550,RIBAS,28,2272
551,RIADA,64,1848
552,REVES,1740,446
553,REUMA,178,1311
554,RETXA,110,1582
555,RETRO,30,2230
556,RETRE,877,636
557,RETOR,25,2337
558,RETOP,186,1291
559,RETOL,1121,567
560,RETOC,228,1187
561,RETIR,129,1504
562,RESUM,2157,391
563,RESTA,8859,116
564,RESSO,1643,462
565,RESAR,2121,401
566,REPTE,780,684
567,REPOS,3200,294
568,REPLE,70,1803
569,REPLA,1010,600
570,REPIC,173,1338
571,REPEU,78,1749
572,REPEL,63,1856
573,REPAS,401,918
574,RENOU,496,844
575,RENOM,445,887
576,RENET,23,2360
577,RENEC,493,852
578,RENDA,1834,433
579,RENAL,527,815
580,REMUC,24,2350
581,REMOT,1616,467
582,REMOR,2641,341
583,REMOL,26,2319
584,REMER,134,1483
585,REMEI,5027,215
586,REMAR,233,1178
587,RELLA,221,1204
588,RELAT,1076,581
589,REIXA,851,651
590,REINA,165,1366
591,REIAL,4607,230
592,REGOR,27,2291
593,REGNE,4913,221
594,REGNA,276,1091
595,REGLE,168,1354
596,REGLA,6111,176
597,REGIT,41,2075
598,REGIR,2505,358
599,REGIO,8849,117
600,REGIM,6509,168
601,REGAR,1954,419
602,REGAL,794,674
603,REFUS,581,771
604,REFET,279,1085
605,REFER,2268,379
606,REDOX,24,2353
607,REDOS,563,786
608,REDOL,189,1285
609,REDIT,192,1277
610,REDIR,29,2264
611,REDEU,24,2358
612,RECTE,2131,395
613,RECES,210,1230
614,RECER,782,683
615,RECEL,918,624
616,RECAR,307,1041
617,REBUT,1689,454
618,REBUF,37,2123
619,REBRE,19710,48
620,REBOT,163,1373
621,REBLO,26,2302
622,REBLE,141,1456
623,REBEL,942,618
624,REBEC,179,1308
625,RAVAL,580,773
626,RAUXA,221,1205
627,RAURE,1413,505
628,RATXA,297,1053
629,RATIO,82,1723
630,RATAT,155,1401
631,RASPA,37,2128
632,RASER,23,2362
633,RASAR,29,2250
634,RAPTE,148,1424
635,RAPID,5476,196
636,RAPEL,47,2007
637,RAPAR,35,2157
638,RAPAC,42,2067
639,RANXO,160,1384
640,RANDA,577,776
641,RANCI,558,789
642,RAMPA,361,960
643,RAMOS,23,2365
644,RAMAT,2392,370
645,RAMAL,243,1157
646,RAJOL,196,1263
647,RAJAR,1064,584
648,RAIER,67,1825
649,RAFIA,42,2065
650,RAFEC,148,1427
651,RAFAL,31,2219
652,RADIO,2513,353
653,RADAR,112,1567
654,RACIO,356,966
655,RABIA,1954,420
656,QUOTA,869,640
657,QUITI,47,2004
658,QUIST,59,1890
659,QUINT,841,657
660,QUINA,97,1637
661,QUILO,2122,400
662,QUIET,2553,347
663,QUEST,44,2036
664,QUERA,23,2371
665,QUEIX,43,2053
666,QUEDA,64,1846
667,QUASI,10459,97
668,QUART,8105,125
669,QUARS,233,1177
670,QUARK,48,2002
671,QUANT,24271,37
672,QUALL,24,2355
673,PUZLE,34,2162
674,PURGA,84,1712
675,PUPUT,194,1269
676,PUNXO,267,1109
677,PUNXA,588,767
678,PUNTA,6330,175
679,PUNIR,136,1475
680,PUNIC,74,1778
681,PULMO,1076,582
682,PUJOL,383,937
683,PUJAT,241,1163
684,PUJAR,15479,65
685,PUGNA,384,935
686,PUDOR,888,633
687,PUDIR,265,1115
688,PUDIC,99,1627
689,PUBIS,142,1451
690,PUBIC,26,2318
691,PUBIA,26,2314
692,PUBER,36,2138
693,PTOSI,34,2173
694,PSOES,30,2235
695,PSALM,306,1042
696,PRUNA,361,959
697,PROVA,9193,112
698,PROTO,251,1138
699,PROSA,1510,485
700,PROPI,32240,29
701,PROPA,26,2304
702,PROLE,70,1810
703,PROFA,793,676
704,PRIOR,594,763
705,PRIMA,446,884
706,PREVI,2671,338
707,PREST,877,637
708,PRESO,3630,270
709,PRESA,2627,342
710,PREMI,3986,253
711,PREGO,205,1237
712,PREDI,136,1476
713,PREAR,35,2151
714,PRAXI,295,1058
715,PRADA,517,824
716,POUAR,188,1286
717,POTOL,39,2101
718,POSTA,2131,396
719,POSIT,253,1136
720,POSAT,6351,174
721,POSAR,66274,14
722,PORXO,774,689
723,PORUS,184,1299
724,PORUC,653,731
725,PORTO,10,2437
726,PORTA,24177,38
727,PORRO,647,821
728,PORRA,168,1350
729,POROS,185,1295
730,PORCI,97,1638
731,PORCA,44,2035
732,POPAR,19,2406
733,PONTO,29,2260
734,POMUL,180,1305
735,POMPA,556,794
736,POMER,131,1499
737,POLZE,269,1108
738,POLPA,204,1242
739,POLLI,149,1422
740,POLLA,179,1310
741,POLIT,1106,573
742,POLIS,45,2028
743,POLIR,437,889
744,POLIP,90,1678
745,POLCA,73,1781
746,POLAR,401,916
747,POETA,11491,90
748,POEMA,4697,226
749,PODER,297028,2
750,PODAR,321,1016
751,POCIO,57,1906
752,POBRE,20477,45
753,POBLE,47136,18
754,PLUJA,6703,164
755,PLOMA,3202,293
756,PLICA,43,2049
757,PLEXE,109,1584
758,PLETA,224,1201
759,PLEBS,88,1687
760,PLATI,144,1440
761,PLATA,2958,317
762,PLANY,955,614
763,PLANT,93,1661
764,PLANA,4821,222
765,PLAGI,143,1446
766,PLAGA,815,663
767,PLAFO,361,957
768,PLAER,4225,242
769,PLACA,13241,89
770,PIZZA,88,1686
771,PIXUM,48,2000
772,PIXAT,28,2273
773,PIXAR,173,1336
774,PIVOT,58,1894
775,PIULA,56,1915
776,PITET,30,2240
777,PISTO,177,1319
778,PISTA,1574,475
779,PISPA,26,2316
780,PIRAR,31,2215
781,PIQUE,33,2180
782,PIPAR,39,2098
783,PINYO,448,882
784,PINYA,358,964
785,PINXO,185,1294
786,PINTE,25,2326
787,PINTA,553,798
788,PINSO,199,1256
789,PINSA,211,1226
790,PINCA,342,984
791,PINAR,278,1089
792,PILOT,977,605
793,PILOS,123,1526
794,PILAR,894,632
795,PIGOT,66,1834
796,PIGAT,78,1747
797,PIFRE,21,2389
798,PIFIA,34,2176
799,PICOT,182,1302
800,PICOR,180,1306
801,PICEA,56,1913
802,PICAT,1136,560
803,PICAR,2983,316
804,PIANO,1963,416
805,PETRI,140,1459
806,PETJA,380,940
807,PETIT,37352,26
808,PETGE,41,2083
809,PETAR,798,671
810,PETAL,504,835
811,PESTA,1068,583
812,PESOL,790,679
813,PESCA,1633,463
814,PESAT,1778,440
815,PESAR,5136,213
816,PESAL,180,1307
817,PERXE,57,1900
818,PERXA,261,1124
819,PERUA,60,1878
820,PERSA,523,834
821,PEROL,314,1028
822,PERNA,50,1973
823,PERLA,1567,478
824,PERIT,84,1704
825,PERER,53,1936
826,PERDO,2298,377
827,PERCA,14,2426
828,PENYA,1047,590
829,PENSA,579,774
830,PENOS,796,673
831,PENIS,130,1503
832,PENIC,87,1691
833,PENDO,175,1324
834,PENCA,75,1769
835,PENAT,109,1585
836,PENAR,172,1339
837,PENAL,860,642
838,PELUT,589,766
839,PELOS,106,1600
840,PELLA,109,1587
841,PELFA,59,1888
842,PELAT,947,616
843,PELAR,872,639
844,PELAG,126,1514
845,PEGOT,24,2354
846,PEGAT,197,1261
847,PEGAS,45,2027
848,PEGAR,3189,295
849,PEDRO,67,1830
850,PEDRA,13558,78
851,PEDAL,140,1458
852,PEDAC,350,974
853,PECAT,6006,178
854,PECAR,1196,547
855,PEBRE,1222,537
856,PAUTA,776,686
857,PAUSA,5270,209
858,PAURA,163,1372
859,PAULI,40,2095
860,PATUM,242,1160
861,PATRO,3652,267
862,PATRI,319,1018
863,PATIR,6937,158
864,PATGE,445,888
865,PATAC,82,1717
866,PASTA,2567,346
867,PASSI,33,2182
868,PASSA,3001,313
869,PARRA,292,1061
870,PARLA,1679,457
871,PARIR,476,866
872,PARIO,317,1023
873,PARIA,72,1814
874,PARET,10201,99
875,PARER,1694,453
876,PARCA,96,1642
877,PARAT,1424,502
878,PARAR,9612,107
879,PAPIR,35,2146
880,PAPER,16763,60
881,PAPAT,100,1621
882,PAPAL,274,1097
883,PANXO,18,2412
884,PANXA,918,625
885,PANTA,350,973
886,PANSA,368,950
887,PANNA,118,1539
888,PANIS,154,1410
889,PANIC,617,747
890,PANET,142,1449
891,PANER,222,1202
892,PAMPA,75,1771
893,PALTO,41,2077
894,PALMO,55,1919
895,PALMA,778,685
896,PALLO,61,1870
897,PALLA,2125,397
898,PALET,310,1038
899,PALES,1341,521
900,PALER,44,2047
901,PALAU,6104,177
902,PAIXA,39,2107
903,PAISA,498,843
904,PAGRE,31,2227
905,PAGES,9345,111
906,PAGAR,12354,84
907,PADRO,165,1363
908,PADRI,1421,503
909,PACTE,2770,331
910,OVARI,327,1001
911,OUERA,26,2309
912,OTOMA,227,1191
913,OSTRA,384,936
914,OSSUT,89,1683
915,OSSOS,42,2068
916,OSCUL,33,2181
917,OSCAR,40,2096
918,ORNAR,294,1060
919,ORIOL,79,1735
920,ORINS,124,1522
921,ORINA,548,801
922,ORGUE,1222,538
923,ORGIA,201,1250
924,ORGAN,3942,254
925,ORFIC,28,2268
926,ORFEO,773,690
927,OREIG,341,986
928,ORDRE,19594,50
929,ORDIT,393,924
930,ORDIR,158,1392
931,ORANT,28,2276
932,ORADA,75,1766
933,OPTIM,663,729
934,OPTIC,634,739
935,OPTAR,1031,594
936,OPERA,1016,598
937,OPCIO,1951,421
938,OPALI,53,1940
939,ONEIG,45,2034
940,ONDIA,30,2241
941,ONCLE,5355,203
942,ONADA,2341,373
943,OMEIA,19,2407
944,OMEGA,60,1874
945,OMEDA,28,2277
946,OMBRA,9413,110
947,OLOTI,163,1375
948,OLLER,43,2059
949,OLIVA,1688,455
950,OLIOS,200,1253
951,OLIBA,379,941
952,OLEIC,25,2331
953,OLDRE,49,1978
954,OIMES,84,1707
955,OIENT,530,812
956,OIDOR,178,1312
957,OGIVA,48,1986
958,OFSET,19,2404
959,OFICI,6999,156
960,ODIOS,600,758
961,ODIAR,1500,486
962,OCULT,1306,526
963,OCTAU,129,1507
964,OCIOS,270,1104
965,OCELL,8089,127
966,OCCIR,409,906
967,OBTUS,171,1343
968,OBSES,29,2253
969,OBSCE,279,1086
970,OBRIR,21026,44
971,OBRER,9118,114
972,OBRAR,3441,282
973,OBLIT,1739,447
974,OBLIC,374,945
975,OBLAT,24,2359
976,OBERT,9793,103
977,OBEIR,3615,271
978,OBAGA,290,1067
979,NUVOL,5729,186
980,NUNCI,250,1143
981,NUMEN,69,1816
982,NUGAR,43,2057
983,NUESA,466,871
984,NUCLI,4480,233
985,NUBIL,51,1959
986,NOURE,31,2221
987,NOTAR,5571,192
988,NORMA,5008,216
989,NONAT,35,2155
990,NOMES,54567,17
991,NOMER,87,1692
992,NOLIT,91,1674
993,NODUL,141,1455
994,NODAL,27,2290
995,NOCIU,557,791
996,NOCIO,3032,309
997,NOCES,775,687
998,NOBLE,6709,163
999,NITRE,50,1975
1000,NITID,254,1133
1001,NIRVI,205,1235
1002,NINOU,38,2120
1003,NINOT,750,696
1004,NINGU,23645,39
1005,NIMFA,548,802
1006,NIMBE,111,1576
1007,NIGUL,69,1815
1008,NIELL,32,2201
1009,NIADA,35,2154
1010,NEVAR,422,899
1011,NEUMA,81,1731
1012,NEULA,169,1346
1013,NERVI,2518,351
1014,NERET,31,2210
1015,NEGRE,16442,62
1016,NEGRA,122,1528
1017,NEGAT,351,969
1018,NEGAR,7610,142
1019,NEDAR,1366,516
1020,NEBOT,1394,508
1021,NAVAL,432,891
1022,NAUTA,26,2321
1023,NATJA,123,1525
1024,NATIU,323,1005
1025,NATAL,276,1094
1026,NASAL,426,895
1027,NARIU,216,1213
1028,NANSA,347,977
1029,NAFTA,26,2307
1030,NAFRA,494,847
1031,NADIU,647,734
1032,NADAL,2469,362
1033,NACRE,264,1117
1034,NACRA,27,2285
1035,NACIO,7744,136
1036,MUTIS,596,762
1037,MUSTI,43,2055
1038,MUSIC,2334,384
1039,MUSEU,3363,287
1040,MURTA,89,1682
1041,MURRI,389,929
1042,MURGA,49,1981
1043,MURAL,504,836
1044,MUNTO,80,1733
1045,MUNIO,1246,535
1046,MUNDA,567,785
1047,MULTA,499,840
1048,MULAT,41,2086
1049,MULAR,55,1926
1050,MUGRO,279,1087
1051,MUGIT,26,2305
1052,MUGIR,39,2099
1053,MUFTI,21,2390
1054,MUDAT,323,1007
1055,MUDAR,1563,479
1056,MUCOS,141,1454
1057,MOURE,13053,82
1058,MOTXO,29,2246
1059,MOTOR,3289,290
1060,MOTIU,12129,85
1061,MOTET,38,2113
1062,MOTEL,19,2400
1063,MOSSO,1784,438
1064,MOSSA,823,661
1065,MOSCA,1632,464
1066,MORSA,20,2397
1067,MORRO,793,692
1068,MOROS,84,1708
1069,MORMO,33,2192
1070,MORIR,22847,41
1071,MORCA,42,2071
1072,MORAT,1172,555
1073,MORAL,10138,101
1074,MONYO,267,1329
1075,MONTA,19,2409
1076,MONSO,51,1963
1077,MONJO,2020,412
1078,MONJA,2257,381
1079,MOMIA,217,1212
1080,MOLTO,587,768
1081,MOLTA,102,1612
1082,MOLSA,804,669
1083,MOLLS,37,2129
1084,MOLLO,24,2356
1085,MOLLA,601,757
1086,MOLER,25,2328
1087,MOLAR,227,1190
1088,MOIXO,171,1342
1089,MOIXI,53,1937
1090,MOIXA,32,2207
1091,MOGUT,483,858
1092,MOGOL,27,2296
1093,MOFAR,238,1169
1094,MODUL,406,911
1095,MODIC,155,1402
1096,MODEM,49,1984
1097,MODEL,7360,147
1098,MODAL,163,1374
1099,MOCOS,78,1743
1100,MOCIO,261,1122
1101,MOCAR,179,1309
1102,MOBLE,2459,363
1103,MOBIL,1384,510
1104,MOARE,34,2175
1105,MITRA,264,1118
1106,MITJO,379,942
1107,MITJA,22486,43
1108,MITIC,811,665
1109,MITAT,403,914
1110,MISTO,272,1100
1111,MISSA,5476,195
1112,MISER,322,1012
1113,MIRRA,153,1414
1114,MIRAT,302,1049
1115,MIRAR,45280,19
1116,MIOCE,202,1247
1117,MINYO,2917,322
1118,MINVA,499,841
1119,MINUT,7096,153
1120,MINSO,602,755
1121,MINIM,5472,197
1122,MINER,397,921
1123,MINAR,276,1093
1124,MIMIC,46,2024
1125,MIMAR,63,1857
1126,MILLA,559,787
1127,MILIO,8096,126
1128,MILER,2921,320
1129,MIDAR,113,1564
1130,MICRO,46,2016
1131,MICRA,21,2392
1132,MEUCA,190,1283
1133,METXA,191,1278
1134,METRO,619,746
1135,METRE,13950,73
1136,METIL,43,2051
1137,METGE,8243,123
1138,METEC,31,2228
1139,MERLA,337,993
1140,MERIT,2955,318
1141,MERDA,597,761
1142,MERCE,2154,393
1143,MENYS,26770,34
1144,MENUT,3636,269
1145,MENTO,198,1257
1146,MENTA,405,912
1147,MENOR,5335,206
1148,MENJA,462,874
1149,MENER,49,1979
1150,MENAR,3455,279
1151,MELSA,154,1406
1152,MELOS,225,1200
1153,MELIS,42,2063
1154,MELIC,184,1304
1155,MEDIC,1629,466
1156,MEDIA,37,2133
1157,MAXIM,7245,148
1158,MAULA,96,1643
1159,MATXO,467,873
1160,MATIS,1484,490
1161,MATAR,9567,108
1162,MASTI,95,1648
1163,MASSA,28955,32
1164,MASIA,2619,343
1165,MARXA,4810,223
1166,MARTA,43,2052
1167,MARRO,368,1014
1168,MARRA,164,1369
1169,MAROR,251,1140
1170,MARIT,7029,155
1171,MARIA,457,1025
1172,MARGE,4459,236
1173,MARGA,382,939
1174,MARES,96,1645
1175,MAREA,291,1064
1176,MARCA,2525,350
1177,MAQUI,24,2375
1178,MAORI,78,1742
1179,MANYA,604,1033
1180,MANXU,20,2399
1181,MANXA,165,1362
1182,MANTO,85,1698
1183,MANTI,45,2031
1184,MANTA,856,646
1185,MANOI,58,1892
1186,MANNA,106,1599
1187,MANIA,960,610
1188,MANGO,29,2245
1189,MANEC,646,735
1190,MANCO,549,800
1191,MANCA,5340,205
1192,MANAT,498,842
1193,MANAR,5818,183
1194,MAMUT,139,1462
1195,MAMAR,353,968
1196,MALVI,51,1962
1197,MALVA,386,932
1198,MALUC,239,1166
1199,MALTA,26,2322
1200,MALSA,167,1356
1201,MALLA,857,645
1202,MALBE,846,653
1203,MALAI,35,2150
1204,MAJOR,19862,47
1205,MAINA,39,2102
1206,MAIMO,26,2311
1207,MAGRE,1130,562
1208,MAGNE,576,777
1209,MAGMA,97,1636
1210,MAGIC,1907,425
1211,MAGIA,696,717
1212,MAFIA,79,1739
1213,MADUR,1899,428
1214,MACIP,90,1679
1215,MACER,46,2017
1216,MACAR,31,2216
1217,LUXOS,489,850
1218,LUNAR,270,1103
1219,LUDIC,281,1082
1220,LUCRE,211,1227
1221,LUCID,478,863
1222,LOTUS,59,1881
1223,LOGIC,4041,249
1224,LOGIA,74,1776
1225,LOESS,72,1788
1226,LOCIO,117,1543
1227,LOCAL,9159,113
1228,LOBUL,291,1063
1229,LLUOR,91,1675
1230,LLUNY,13647,77
1231,LLUNA,6960,157
1232,LLUMI,308,1039
1233,LLUIT,361,961
1234,LLUIS,87,1689
1235,LLUFA,48,1992
1236,LLUER,28,2267
1237,LLOSC,37,2127
1238,LLOSA,1558,480
1239,LLORO,348,975
1240,LLORD,92,1673
1241,LLONG,37,2126
1242,LLOMA,38,2109
1243,LLOCA,248,1147
1244,LLOBI,46,2023
1245,LLOBA,155,1399
1246,LLOAR,1258,533
1247,LLIRI,933,619
1248,LLIMO,109,1586
1249,LLIMA,193,1273
1250,LLIGA,1768,441
1251,LLICO,3487,278
1252,LLICA,66,1837
1253,LLEVA,362,955
1254,LLEST,1649,461
1255,LLERA,34,2170
1256,LLENY,46,2014
1257,LLENC,289,1069
1258,LLEIG,1599,469
1259,LLAVI,7042,154
1260,LLAUT,392,927
1261,LLATI,4939,220
1262,LLATA,102,1615
1263,LLAST,262,1121
1264,LLARG,29020,31
1265,LLARD,372,947
1266,LLAOR,111,1573
1267,LLANA,2238,382
1268,LLAMP,2327,374
1269,LLAMI,40,2092
1270,LLAMA,61,1867
1271,LLAGA,479,860
1272,LIVID,282,1081
1273,LITUA,364,954
1274,LITRE,2235,383
1275,LITIC,97,1639
1276,LIRIC,1213,542
1277,LIPID,52,1947
1278,LINIA,10074,102
1279,LIMIT,6810,160
1280,LIMFA,85,1699
1281,LIMBE,52,1944
1282,LILOS,16,2419
1283,LIGHT,35,2147
1284,LIDER,1047,591
1285,LICOR,792,678
1286,LICIT,742,698
1287,LICEU,115,1556
1288,LIBRA,108,1591
1289,LIBER,48,1998
1290,LIBEL,33,2185
1291,LIBAR,66,1832
1292,LIANA,138,1467
1293,LEXIC,805,668
1294,LETAL,81,1728
1295,LESIU,32,2204
1296,LESIO,1586,471
1297,LEPRA,211,1223
1298,LEMUR,24,2340
1299,LEGIO,452,879
1300,LEGAT,105,1602
1301,LEGAL,2830,328
1302,LAUDE,36,2140
1303,LAUDA,18,2410
1304,LATEX,41,2078
1305,LASER,184,1297
1306,LARVA,669,724
1307,LARIX,21,2387
1308,LAPSE,174,1326
1309,LANDO,85,1697
1310,LANDA,59,1880
1311,LACTI,153,1413
1312,LACRE,27,2297
1313,LACAT,48,2001
1314,LACAI,247,1153
1315,LABOR,958,611
1316,LABIL,30,2234
1317,KOINE,15,2420
1318,JUTGE,3488,277
1319,JUSTA,69,1812
1320,JUSSA,39,2103
1321,JURAT,1950,422
1322,JURAR,2998,314
1323,JUNTA,4375,239
1324,JULIA,41,2084
1325,JUGAR,9745,105
1326,JUDES,25,2336
1327,JOULE,22,2380
1328,JONIC,164,1371
1329,JONCA,31,2220
1330,JOLIU,143,1443
1331,JOIOS,1192,550
1332,JOIER,114,1560
1333,JOCOS,51,1952
1334,JEURE,2105,403
1335,JESUS,13,2429
1336,JASPI,72,1792
1337,JARDI,7677,139
1338,JAQUE,147,1430
1339,JAMAI,1200,546
1340,IXENT,341,985
1341,IVORI,196,1267
1342,ISTME,92,1668
1343,ISLAM,599,759
1344,ISARD,237,1172
1345,IRIDI,25,2323
1346,IONIC,54,1933
1347,IODUR,89,1681
1348,IODAT,56,1909
1349,INUIT,26,2317
1350,INTIM,4002,250
1351,INOIT,51,1960
1352,INNAT,622,743
1353,INICI,2422,368
1354,INFUS,225,1199
1355,INFIM,392,926
1356,INERT,401,917
1357,INDIC,65,1840
1358,INDIA,105,1605
1359,INDEX,1917,424
1360,INCIS,274,1096
1361,IMPUR,476,865
1362,IMPIU,343,982
1363,IMANT,204,1238
1364,ILLOT,377,943
1365,ILIAC,124,1520
1366,IGUAL,15428,66
1367,IGNOT,176,1320
1368,IGNAR,37,2134
1369,IDONI,514,829
1370,IDOLA,37,2131
1371,IDEAR,446,883
1372,IDEAL,6534,167
1373,ICTUS,169,1347
1374,ICONA,370,948
1375,IARDA,115,1554
1376,HURRA,44,2044
1377,HUMUS,280,1084
1378,HUMOR,2449,365
1379,HUMIT,3511,275
1380,HUMIL,3735,265
1381,HUMER,111,1578
1382,HULLA,185,1296
1383,HOTEL,2716,335
1384,HOSTE,1131,561
1385,HORTA,1857,431
1386,HORDA,82,1724
1387,HONRA,956,613
1388,HONOR,5226,211
1389,HISPA,150,1421
1390,HISOP,74,1774
1391,HIPIC,29,2259
1392,HINDU,259,1129
1393,HIMNE,1216,540
1394,HIENA,190,1281
1395,HIDRA,56,1907
1396,HEURA,612,748
1397,HERTZ,22,2376
1398,HEROI,2091,408
1399,HEREU,4730,225
1400,HERBA,5864,182
1401,HELIX,153,1416
1402,HAVER,144,1439
1403,HAREM,101,1618
1404,HALIT,79,1736
1405,HALAR,33,2189
1406,HAJAR,51,1958
1407,HADRO,19,2403
1408,HADES,86,1693
1409,HABIT,1991,413
1410,HABIL,982,604
1411,GUSSI,117,1542
1412,GULES,14,2428
1413,GUIXA,52,1946
1414,GUISA,331,996
1415,GUIAR,2471,361
1416,GUETO,28,2269
1417,GUELF,18,2415
1418,GUBIA,44,2039
1419,GUARA,147,1431
1420,GUAPO,741,699
1421,GUANY,1965,415
1422,GUANT,918,626
1423,GUANO,252,1137
1424,GRUTA,296,1054
1425,GRUNY,117,1544
1426,GRUIX,2533,349
1427,GRUAR,82,1719
1428,GROPA,139,1466
1429,GRIVA,92,1667
1430,GRILL,597,760
1431,GRIFO,128,1510
1432,GRIAL,58,1898
1433,GRENY,36,2137
1434,GREMI,2156,392
1435,GRELL,21,2384
1436,GREIX,1226,536
1437,GREDA,45,2025
1438,GRAVA,292,1062
1439,GRAPA,408,907
1440,GRANA,762,695
1441,GRADA,201,1249
1442,GOTOS,58,1897
1443,GOTIM,56,1911
1444,GOTIC,1856,432
1445,GOSSA,285,1078
1446,GOSAT,98,1631
1447,GOSAR,5690,190
1448,GORRA,1205,543
1449,GORJA,687,720
1450,GORGA,98,1634
1451,GONIO,24,2349
1452,GOMOS,48,1999
1453,GOLUT,116,1547
1454,GOLOS,51,1953
1455,GOLFO,46,2013
1456,GOLFA,627,741
1457,GOJOS,164,1370
1458,GOJAR,111,1575
1459,GNOSI,14,2425
1460,GNEIS,70,1802
1461,GLUTI,47,2003
1462,GLOSA,157,1395
1463,GLEVA,321,1013
1464,GLERA,58,1899
1465,GLAVI,239,1167
1466,GLAUC,55,1927
1467,GLAND,23,2363
1468,GLACO,26,2308
1469,GLACE,40,2089
1470,GITAT,62,1859
1471,GITAR,372,946
1472,GIRAT,469,870
1473,GIRAR,9079,115
1474,GESTA,1048,589
1475,GESPA,242,1161
1476,GERRO,658,730
1477,GERRA,794,675
1478,GERMA,13098,81
1479,GENUI,611,750
1480,GENIC,32,2203
1481,GENET,432,892
1482,GENER,4046,248
1483,GEMMA,163,1376
1484,GEMIR,61,1865
1485,GEMEC,1102,575
1486,GEMAT,200,1254
1487,GELOS,964,609
1488,GELOR,100,1623
1489,GELIU,61,1862
1490,GELID,137,1472
1491,GELEA,22,2377
1492,GELAT,909,629
1493,GELAR,330,999
1494,GEBRE,237,1173
1495,GAVIA,33,2195
1496,GAUDI,559,795
1497,GATGE,26,2313
1498,GASOS,276,1092
1499,GASIU,124,1521
1500,GASCO,185,1293
1501,GARSA,323,1009
1502,GARRO,74,1773
1503,GARRI,142,1447
1504,GARRA,57,1905
1505,GARFI,51,1951
1506,GARBO,49,1982
1507,GARBI,232,1179
1508,GARBA,423,898
1509,GANYA,137,1471
1510,GANXO,520,822
1511,GANGA,228,1188
1512,GAMMA,813,664
1513,GAMBA,135,1480
1514,GALZE,38,2114
1515,GALTA,3120,300
1516,GALOP,312,1034
1517,GALLO,17,2416
1518,GALIO,48,1987
1519,GALIB,15,2421
1520,GALET,131,1497
1521,GAITA,68,1823
1522,GAFET,39,2104
1523,GABIA,1306,527
1524,FUTUR,9534,109
1525,FUTIL,134,1484
1526,FUSTA,7788,134
1527,FUSIO,1081,580
1528,FUROR,623,742
1529,FURIA,1516,483
1530,FURGO,63,1854
1531,FUNDA,193,1275
1532,FUMOS,108,1592
1533,FUMER,197,1274
1534,FUMAT,290,1068
1535,FUMAR,2294,378
1536,FULLA,10147,100
1537,FUITA,116,1549
1538,FUGIR,11089,91
1539,FUGAC,385,933
1540,FRUIT,7536,143
1541,FRUIR,1471,495
1542,FRONT,7714,137
1543,FRISO,25,2335
1544,FRIGI,61,1863
1545,FRESC,5716,188
1546,FRESA,26,2312
1547,FREGA,140,1460
1548,FRASE,5864,181
1549,FRARE,2324,375
1550,FRANC,3880,259
1551,FOTRE,1058,586
1552,FOTJA,81,1727
1553,FOTIL,92,1670
1554,FOSSA,864,641
1555,FOSCA,3096,304
1556,FORUM,326,1002
1557,FORTI,56,1912
1558,FORTE,18,2414
1559,FORRO,78,1746
1560,FORRA,31,2224
1561,FORMA,43056,22
1562,FORJA,211,1224
1563,FORCA,36201,27
1564,FORAT,3382,285
1565,FORAL,229,1184
1566,FONIC,146,1433
1567,FONER,27,2289
1568,FONDO,3173,296
1569,FONDA,989,603
1570,FOLRE,48,1997
1571,FOLGA,23,2369
1572,FOGOT,20,2395
1573,FOGOS,212,1220
1574,FOGAR,273,1099
1575,FOCUS,1090,577
1576,FOCEU,27,2284
1577,FOCAL,98,1633
1578,FOBIA,123,1527
1579,FLUOR,54,1929
1580,FLUIX,1336,523
1581,FLUIR,486,855
1582,FLUID,805,667
1583,FLOTA,612,749
1584,FLORO,90,1680
1585,FLORI,406,910
1586,FLORA,607,753
1587,FLOCA,59,1882
1588,FLIRT,67,1827
1589,FLECA,160,1386
1590,FLANC,722,705
1591,FLAMA,3506,276
1592,FLAIX,71,1798
1593,FIXAT,1139,559
1594,FIXAR,8454,120
1595,FITXA,788,680
1596,FITAR,514,827
1597,FISTO,68,1821
1598,FISIC,7441,146
1599,FIRMA,898,631
1600,FIRAR,47,2011
1601,FIRAL,93,1662
1602,FIORD,103,1609
1603,FINOR,425,896
1604,FINIR,1284,528
1605,FINES,51,1961
1606,FINCA,1875,430
1607,FINAR,489,851
1608,FINAL,13221,80
1609,FILIA,11,2435
1610,FILET,263,1119
1611,FILAT,528,813
1612,FILAR,839,658
1613,FIDEU,204,1241
1614,FIDEL,4987,217
1615,FICUS,28,2278
1616,FICAR,6415,170
1617,FIBRA,2079,410
1618,FIBLO,212,1221
1619,FETUS,321,1017
1620,FETOR,150,1420
1621,FETID,110,1579
1622,FETGE,1205,544
1623,FETAL,121,1530
1624,FESTI,228,1185
1625,FESTA,14208,71
1626,FESOL,296,1056
1627,FERUM,228,1186
1628,FERRO,5940,179
1629,FERRI,303,1048
1630,FERRE,198,1259
1631,FEROC,205,1236
1632,FERIT,2438,367
1633,FERIR,2677,337
1634,FERIA,49,1976
1635,FERAM,54,1931
1636,FENOL,40,2097
1637,FENIX,68,1822
1638,FENAS,76,1760
1639,FEMUR,168,1351
1640,FEMTA,162,1377
1641,FEMER,312,1035
1642,FEMAR,114,1562
1643,FELLO,51,1964
1644,FELIC,5759,184
1645,FEIXA,470,869
1646,FEINA,13809,75
1647,FECAL,73,1780
1648,FEBRE,2510,354
1649,FEBLE,3170,297
1650,FAVOR,7865,131
1651,FAUVE,55,1925
1652,FAUST,41,2076
1653,FAUNE,75,1765
1654,FAUNA,927,622
1655,FAULA,712,708
1656,FATXA,115,1555
1657,FATIC,146,1432
1658,FATAL,1529,481
1659,FARSA,509,830
1660,FARIA,70,1808
1661,FARGA,568,784
1662,FARDA,42,2062
1663,FARAO,542,806
1664,FANGA,73,1786
1665,FANAL,1389,509
1666,FAMOS,5097,214
1667,FALTA,5384,201
1668,FALLA,1724,449
1669,FALDO,144,1441
1670,FALDA,1458,498
1671,FALCO,378,1003
1672,FALCA,80,1734
1673,FAJOL,101,1617
1674,FAIXA,1435,500
1675,FAISO,942,617
1676,FAISA,94,1655
1677,FAICO,44,2040
1678,FAGOT,55,1921
1679,FAETO,44,2046
1680,FAENA,249,1145
1681,FADRI,1471,496
1682,FACIL,8688,118
1683,EXVOT,113,1563
1684,EXTRA,211,1228
1685,EXODE,393,923
1686,EXIMI,107,1593
1687,EXILI,1406,506
1688,EXIGU,196,1266
1689,EXCES,3027,310
1690,EUNUC,120,1535
1691,ETNIC,772,691
1692,ETNIA,214,1216
1693,ETIOP,43,2060
1694,ETILE,38,2110
1695,ETHOS,75,1767
1696,ETERN,5560,193
1697,ETERI,306,1043
1698,ETAPA,4218,243
1699,ESTUC,147,1428
1700,ESTRI,859,643
1701,ESTRE,95,1650
1702,ESTOR,29,2256
1703,ESTOP,34,2168
1704,ESTOL,1195,548
1705,ESTOC,508,831
1706,ESTIU,7766,135
1707,ESTIL,7217,151
1708,ESTES,3026,311
1709,ESTER,31,2213
1710,ESTEL,2880,326
1711,ESTAT,34529,28
1712,ESTAR,147192,4
1713,ESTAM,362,956
1714,ESSER,1307206,0
1715,ESQUI,730,702
1716,ESPUT,35,2153
1717,ESPOT,48,1994
1718,ESPOS,1573,477
1719,ESPIA,343,981
1720,ESPES,3089,306
1721,ESPAI,13487,79
1722,ESNOB,135,1481
1723,ESMUS,33,2179
1724,ESLIP,73,1783
1725,ESLAU,407,909
1726,ESCUT,2196,388
1727,ESCOT,305,1045
1728,ESCAS,3783,264
1729,ESCAR,112,1565
1730,ESBOS,481,859
1731,ERUGA,368,949
1732,ERTIC,24,2357
1733,ERROR,4420,237
1734,ERRAR,1083,579
1735,EROLA,36,2139
1736,ERMOT,133,1490
1737,ERMAS,51,1957
1738,ERICO,230,1181
1739,ERARI,64,1843
1740,EQUIP,4674,228
1741,EPOCA,17539,57
1742,EOLIC,177,1317
1743,ENZIM,291,1065
1744,ENYOR,397,920
1745,ENVIT,71,1799
1746,ENVAS,220,1207
1747,ENUIG,546,805
1748,ENTRE,99108,9
1749,ENTES,2191,389
1750,ENTER,1494,487
1751,ENMIG,6879,159
1752,ENLLA,9661,106
1753,ENGIR,35,2148
1754,ENFIT,41,2080
1755,ENDUR,4218,244
1756,ENCIS,1383,511
1757,ENCES,3295,289
1758,ENCEP,33,2178
1759,EMPES,138,1470
1760,EMPAT,207,1232
1761,EMBUT,570,782
1762,EMBUS,94,1657
1763,EMBOL,61,1871
1764,EMBOC,23,2373
1765,EMBAT,277,1090
1766,ELOGI,1488,488
1767,ELENC,51,1967
1768,EIXUT,1476,492
1769,EIXIT,304,1047
1770,EIXIR,7102,152
1771,EIXAM,558,790
1772,EGIDA,74,1777
1773,EFESI,34,2172
1774,EDEMA,131,1496
1775,DUTXA,386,930
1776,DURAR,6380,171
1777,DUODE,33,2184
1778,DUCAT,485,856
1779,DUCAL,42,2073
1780,DUBTE,11648,88
1781,DUANA,365,953
1782,DRUPA,28,2265
1783,DROPO,114,1559
1784,DROGA,1015,599
1785,DRING,323,1008
1786,DRETA,93,1664
1787,DRAMA,2105,402
1788,DRAGO,391,934
1789,DOTZE,4721,231
1790,DOTAR,1202,545
1791,DOTAL,153,1412
1792,DORIC,133,1487
1793,DONCS,43702,21
1794,DONAT,3169,298
1795,DONAR,109997,7
1796,DOMAS,525,818
1797,DOMAR,183,1300
1798,DOLOR,8161,124
1799,DOLAR,854,652
1800,DOGON,13,2430
1801,DOGMA,845,655
1802,DOGAL,94,1659
1803,DOCTE,430,893
1804,DOCIL,606,754
1805,DOBLE,5749,185
1806,DOBLA,167,1357
1807,DIVAN,174,1327
1808,DIURN,317,1021
1809,DIOIC,32,2209
1810,DINOU,557,792
1811,DINER,10861,92
1812,DINDI,145,1436
1813,DINAR,4952,219
1814,DINAL,28,2274
1815,DIGNE,5456,199
1816,DIGIT,51,1956
1817,DIFUS,559,788
1818,DIETA,636,738
1819,DIESI,29,2252
1820,DIDOT,46,2019
1821,DIDAL,103,1610
1822,DIARI,8361,121
1823,DIANA,100,1622
1824,DIADA,1578,473
1825,DIACA,322,1011
1826,DEVOT,1722,450
1827,DEUTE,1683,456
1828,DEURE,44024,20
1829,DESUS,284,1079
1830,DESTI,3987,252
1831,DESIG,9786,104
1832,DESAR,552,799
1833,DERIA,842,656
1834,DERBI,28,2283
1835,DENOU,54,1954
1836,DEMES,6352,173
1837,DELTA,793,677
1838,DELME,286,1076
1839,DELLA,116,1546
1840,DELIT,1182,552
1841,DELIR,420,902
1842,DELFI,76,1761
1843,DELER,672,723
1844,DEIXA,219,1210
1845,DEGUT,2664,339
1846,DECOR,31,2225
1847,DECIM,187,1287
1848,DECES,30,2237
1849,DEBUT,176,1322
1850,DEBIT,47,2010
1851,DEBIL,1574,474
1852,DEBAT,1746,444
1853,DATIU,165,1365
1854,DATIL,121,1531
1855,DATAR,925,623
1856,DANSA,2451,364
1857,DANES,354,967
1858,DANDI,77,1752
1859,DALLA,267,1111
1860,DALIA,93,1666
1861,DAIXO,18,2413
1862,DAINA,194,1271
1863,DACSA,72,1793
1864,CUTIS,147,1429
1865,CUTER,19,2401
1866,CUSSA,29,2262
1867,CURSI,159,1389
1868,CURSA,1332,524
1869,CURRO,63,1853
1870,CUROS,148,1425
1871,CURIA,300,1051
1872,CURAT,339,991
1873,CURAR,2614,345
1874,CUMUL,270,1102
1875,CULTE,3373,286
1876,CULPA,4633,229
1877,CULOT,38,2111
1878,CUIXA,1220,539
1879,CUITA,392,928
1880,CUIRO,698,715
1881,CUINA,5647,191
1882,CUERA,32,2199
1883,CUCUT,338,992
1884,CUBIT,54,1934
1885,CUBIC,665,728
1886,CRUEL,2223,386
1887,CROMO,154,1407
1888,CROAT,433,890
1889,CRISI,5471,198
1890,CRIDA,1306,525
1891,CRIAT,2132,394
1892,CRIAR,2104,404
1893,CRETI,155,1404
1894,CRETA,64,1844
1895,CRESP,55,1923
1896,CREMA,969,607
1897,CREDO,339,989
1898,CREAR,12556,83
1899,CRANI,1119,568
1900,COVAR,557,793
1901,COVAL,108,1589
1902,COURE,3710,266
1903,COTXE,5454,200
1904,COTXA,40,2093
1905,COTNA,48,1995
1906,COSTA,6657,165
1907,COSSI,168,1355
1908,COSIT,258,1130
1909,COSIR,1246,534
1910,COSAC,38,2117
1911,CORRO,172,1340
1912,CORNI,54,1932
1913,CORFA,70,1809
1914,COREA,52,2085
1915,CORDO,876,638
1916,CORDA,4476,234
1917,CORCO,127,1511
1918,CORBA,1512,484
1919,CORAL,1114,569
1920,COQUI,52,1949
1921,COPTE,65,1842
1922,COPRA,30,2242
1923,COPIA,1884,429
1924,COPER,47,2008
1925,COPEO,27,2292
1926,COPAR,47,2006
1927,CONYA,66,1839
1928,CONXA,59,1883
1929,CONTE,1761,442
1930,CONIC,394,922
1931,CONGA,20,2394
1932,CONFI,308,1040
1933,CONDO,31,2222
1934,CONCO,130,1501
1935,CONCA,1746,445
1936,CONAT,32,2205
1937,COMTE,6433,169
1938,COMIT,27,2286
1939,COMIC,1421,504
1940,COLZE,1092,576
1941,COLZA,63,1855
1942,COLOS,106,1594
1943,COLOR,18356,55
1944,COLON,222,1529
1945,COLOM,1527,482
1946,COLLO,317,1022
1947,COLLA,3900,258
1948,COLIC,169,1349
1949,COLGA,32,2197
1950,COLAR,295,1059
1951,COIXI,1580,472
1952,COFRE,202,1246
1953,COFOI,295,1057
1954,COFIA,129,1505
1955,COFAT,112,1569
1956,COFAR,74,1775
1957,COENT,207,1233
1958,CODOL,476,864
1959,CODEX,226,1194
1960,COBRO,77,1755
1961,COBRA,67,1824
1962,COBLA,846,654
1963,COBAI,29,2263
1964,CLOWN,94,1654
1965,CLOVA,126,1515
1966,CLOSA,92,1672
1967,CLOCA,82,1722
1968,CLIXE,287,1073
1969,CLIMA,3640,268
1970,CLERO,310,1037
1971,CLEDA,227,1192
1972,CLAVA,32,2202
1973,CLARI,161,1382
1974,CLARA,173,1334
1975,CLAPA,546,804
1976,CLACA,38,2118
1977,CIVIL,7624,141
1978,CIVIC,798,672
1979,CIVET,22,2378
1980,CIURO,82,1725
1981,CITAR,4252,241
1982,CISTA,66,1836
1983,CISMA,212,1219
1984,CIRCA,35,2152
1985,CINTA,1587,470
1986,CINIC,418,905
1987,CIMER,19,2405
1988,CIMAL,331,997
1989,CIGRO,286,1077
1990,CIGNE,344,979
1991,CIGAR,533,809
1992,CICLO,111,1577
1993,CICLE,2342,372
1994,CESAR,280,1083
1995,CERVO,70,1805
1996,CERRA,47,2012
1997,CERER,49,1983
1998,CERDA,133,1488
1999,CERCA,448,881
2000,CEPAT,220,1206
2001,CELTA,240,1165
2002,CELLA,1106,574
2003,CELIC,86,1695
2004,CELAR,28,2270
2005,CEGAR,248,1148
2006,CEDRE,203,1244
2007,CEDIR,3013,312
2008,CAVEC,71,1800
2009,CAVAR,650,733
2010,CAUSA,19600,49
2011,CAURE,23390,40
2012,CATRE,184,1298
2013,CATIO,129,1506
2014,CATET,32,2198
2015,CATAU,160,1385
2016,CATAR,56,1908
2017,CASTA,1086,578
2018,CASSO,45,2030
2019,CASSA,76,1759
2020,CASPA,28,2279
2021,CASOT,30,2236
2022,CASCU,29,2251
2023,CASBA,21,2385
2024,CASAR,7516,144
2025,CASAL,2171,390
2026,CARTO,458,876
2027,CARTA,10270,98
2028,CARST,29,2258
2029,CARRO,3359,288
2030,CARPO,45,2026
2031,CARPA,174,1331
2032,CARNI,38,2108
2033,CARMI,230,1182
2034,CARLI,1108,571
2035,CARLA,26,2303
2036,CARGA,155,1400
2037,CAREX,21,2388
2038,CARES,43,2054
2039,CAREI,52,1942
2040,CARDA,46,2021
2041,CARCA,46,2022
2042,CARBO,2994,315
2043,CARAT,105,1603
2044,CARAM,296,1055
2045,CAQUI,59,1879
2046,CAPTA,105,1604
2047,CAPSA,1815,434
2048,CAPOT,171,1345
2049,CAPIR,514,826
2050,CAPAT,23,2367
2051,CAPAR,49,1977
2052,CAPAC,7897,130
2053,CAOLI,39,2105
2054,CAOBA,226,1195
2055,CANYO,28,2275
2056,CANYA,2314,376
2057,CANVI,25384,35
2058,CANUT,93,1663
2059,CANTO,3431,284
2060,CANOT,34,2164
2061,CANON,766,694
2062,CANOA,128,1509
2063,CANEM,620,744
2064,CANDI,75,1763
2065,CANCO,7456,145
2066,CANAL,3283,291
2067,CAMUS,29,2257
2068,CAMPA,60,1875
2069,CAMIO,1348,520
2070,CAMAL,112,1572
2071,CALZE,803,670
2072,CALOR,4468,235
2073,CALMA,3120,299
2074,CALIU,774,688
2075,CALID,1170,556
2076,CALDO,400,919
2077,CALDA,135,1478
2078,CALCO,290,1066
2079,CALCI,403,915
2080,CALCA,1080,588
2081,CALBA,159,1390
2082,CALAT,275,1095
2083,CALAR,928,621
2084,CAIXO,317,1027
2085,CAIXA,5138,212
2086,CAIRO,57,1903
2087,CAIRE,2475,360
2088,CAIAC,21,2391
2089,CAGAT,41,2082
2090,CAGAR,287,1072
2091,CAFRE,77,1753
2092,CAFIS,45,2032
2093,CADUC,327,1000
2094,CADMI,52,1950
2095,CADET,67,1828
2096,CADEC,24,2348
2097,CACIC,193,1272
2098,CACAU,232,1180
2099,CACAR,1900,427
2100,CABUT,38,2119
2101,CABRO,99,1628
2102,CABRE,2085,409
2103,CABRA,1424,501
2104,CABLE,693,719
2105,CABAS,527,816
2106,CABAL,1720,451
2107,BUSCA,514,828
2108,BURXA,31,2212
2109,BURRO,697,716
2110,BURRA,172,1341
2111,BUROT,65,1841
2112,BURLA,708,712
2113,BUINA,29,2248
2114,BUGIA,212,1218
2115,BUFIT,28,2281
2116,BUFET,251,1139
2117,BUFAT,164,1368
2118,BUFAR,1673,460
2119,BUFAL,63,1851
2120,BUCLE,75,1768
2121,BUCAL,178,1314
2122,BUATA,31,2223
2123,BRUSC,727,703
2124,BRUSA,593,764
2125,BRUIT,75,1764
2126,BRUEL,112,1571
2127,BROMA,2507,357
2128,BROLL,94,1658
2129,BROCA,60,1873
2130,BRISA,611,752
2131,BRIOS,33,2186
2132,BRILL,202,1248
2133,BRIDO,25,2325
2134,BRIDA,340,987
2135,BRIAL,48,1993
2136,BRETO,215,1215
2137,BREGA,478,862
2138,BRAVO,187,1289
2139,BRASA,1057,587
2140,BRANC,200,1252
2141,BRAMA,157,1394
2142,BRACA,136,1474
2143,BOVER,132,1494
2144,BOVAL,44,2037
2145,BOUER,46,2020
2146,BOTXI,948,615
2147,BOTXA,95,1651
2148,BOTRE,94,1656
2149,BOTJA,47,2009
2150,BOTIT,59,1889
2151,BOTIR,73,1787
2152,BOTIL,58,1895
2153,BOTET,32,2200
2154,BOTER,124,1519
2155,BOTAR,572,781
2156,BOSSA,1960,417
2157,BOSCA,269,1106
2158,BORSA,706,714
2159,BORRO,350,971
2160,BORRA,140,1461
2161,BORNI,131,1498
2162,BORLA,228,1189
2163,BORJA,30,2229
2164,BORIC,59,1884
2165,BORIA,25,2339
2166,BORDO,225,1197
2167,BORDA,347,978
2168,BORAX,25,2338
2169,BONIC,5351,204
2170,BONET,57,1902
2171,BOMBO,414,1170
2172,BOMBA,1780,439
2173,BOLLA,274,1098
2174,BOLIT,92,1669
2175,BOLIG,46,2015
2176,BOLID,55,1920
2177,BOLIC,84,1703
2178,BOLET,1214,541
2179,BOIRA,3566,273
2180,BOINA,254,1131
2181,BOIGA,50,1969
2182,BOIET,27,2287
2183,BOFIA,133,1486
2184,BOCOI,135,1477
2185,BOCAL,23,2364
2186,BLUES,96,1646
2187,BLEIX,226,1193
2188,BLEIR,25,2327
2189,BLEDA,380,958
2190,BLASO,178,1313
2191,BLANC,20110,46
2192,BLADA,30,2244
2193,BIVAC,55,1928
2194,BITXO,83,1715
2195,BISBE,5491,194
2196,BINGO,55,1917
2197,BILLO,118,1538
2198,BILIS,192,1276
2199,BILIO,177,1318
2200,BIGOT,69,1811
2201,BIGAM,12,2439
2202,BIFID,68,1820
2203,BIFAC,37,2125
2204,BIELA,44,2043
2205,BIDET,60,1876
2206,BIAIX,242,1162
2207,BEURE,7913,129
2208,BETUM,98,1632
2209,BETIC,22,2379
2210,BESSO,808,666
2211,BESAR,3848,261
2212,BENZE,27,2293
2213,BELGA,531,811
2214,BELAR,115,1552
2215,BEINA,211,1225
2216,BEGUT,243,1158
2217,BEFAR,66,1831
2218,BEDUI,73,1782
2219,BECAR,28,2280
2220,BAVOS,50,1968
2221,BAVAR,23,2374
2222,BAULA,104,1608
2223,BATUT,233,1176
2224,BATRE,2879,327
2225,BATEC,712,713
2226,BATAN,33,2188
2227,BASTO,2101,406
2228,BASTA,156,1397
2229,BASSA,965,608
2230,BASIC,3992,251
2231,BASCA,195,1268
2232,BASAR,2798,329
2233,BASAL,144,1442
2234,BARRO,42,2070
2235,BARRI,4286,240
2236,BARRA,2445,366
2237,BARIO,23,2372
2238,BAREM,26,2310
2239,BARCA,3110,302
2240,BARBA,2648,340
2241,BARAT,1106,572
2242,BANYA,1174,553
2243,BANUS,63,1850
2244,BANTU,12,2431
2245,BANDO,14,2427
2246,BANDA,24693,36
2247,BANCA,990,601
2248,BANAL,580,772
2249,BAMBU,196,1264
2250,BALMA,490,848
2251,BALLA,71,1801
2252,BALDO,43,2061
2253,BALDA,114,1561
2254,BALCO,3433,283
2255,BALCA,44,2048
2256,BAIXA,1166,565
2257,BAINA,30,2231
2258,BAGUL,366,952
2259,BADOC,337,994
2260,BADIU,74,1772
2261,BADIA,716,707
2262,BADAR,1403,507
2263,BACUL,115,1558
2264,BACIL,289,1070
2265,BABEL,34,2174
2266,BABAU,259,1128
2267,AZERI,24,2351
2268,AXIAL,174,1328
2269,AVIOR,126,1516
2270,AVIAT,16692,61
2271,AVIAR,314,1029
2272,AVIAL,31,2214
2273,AVERN,32,2208
2274,AVENC,2338,497
2275,AVANT,1277,531
2276,AVANC,495,846
2277,AVALL,6360,172
2278,AUTOR,14498,70
2279,AULIC,78,1751
2280,AUGUR,12,2432
2281,AUDIO,53,1938
2282,AUDAC,287,1071
2283,ATZUR,265,1116
2284,ATZAR,2480,359
2285,ATXEM,40,2088
2286,ATURA,76,1762
2287,ATUIR,266,1112
2288,ATROC,130,1502
2289,ATLES,190,1282
2290,ATIAR,455,877
2291,ATENT,1632,465
2292,ASTUT,496,845
2293,ASTRE,1480,491
2294,ASTOR,56,1910
2295,ASSUT,33,2196
2296,ASSOT,207,1234
2297,ASPRE,1674,458
2298,ASCLA,81,1726
2299,ARXIU,2376,371
2300,ARTIC,120,1533
2301,ARTER,32,2206
2302,ARROS,2123,399
2303,ARROP,52,1943
2304,ARRIA,64,1847
2305,ARREU,8344,122
2306,ARRES,20,2398
2307,ARREL,5306,208
2308,ARRAP,27,2288
2309,ARRAN,2104,405
2310,AROMA,887,634
2311,ARNES,203,1243
2312,ARNAT,133,1489
2313,ARNAR,33,2193
2314,ARMER,95,1652
2315,ARMAT,2224,385
2316,ARMAR,1338,522
2317,ARLOT,27,2295
2318,ARJAU,37,2136
2319,ARIET,35,2159
2320,ARIES,77,1756
2321,ARGOT,167,1358
2322,ARGIU,77,1754
2323,ARENY,173,1335
2324,ARENG,11,2434
2325,ARENA,989,602
2326,ARDOR,479,861
2327,ARDIT,929,620
2328,ARDAT,26,2306
2329,ARBRE,13877,74
2330,ARBOC,167,1359
2331,ARADA,449,880
2332,AQUOS,321,1015
2333,AQUEU,247,1149
2334,APUNT,377,944
2335,APRES,709,711
2336,APOCA,151,1418
2337,APLOM,261,1123
2338,APLIC,43,2056
2339,APLEC,1140,558
2340,APART,82,1721
2341,AORTA,82,1718
2342,ANYAL,711,710
2343,ANUAL,1945,423
2344,ANTRE,153,1411
2345,ANTIC,21345,42
2346,ANSIA,1371,513
2347,ANSAT,25,2324
2348,ANODI,112,1568
2349,ANODE,51,1966
2350,ANNEX,576,779
2351,ANIMA,18759,53
2352,ANHEL,1353,519
2353,ANGLE,2778,330
2354,ANGEL,5356,202
2355,ANFOS,33,2191
2356,ANELL,1612,468
2357,ANDES,108,1590
2358,ANCIA,788,681
2359,ANANT,71,1796
2360,ANADA,782,682
2361,AMUNT,7644,140
2362,AMPLI,3789,263
2363,AMPLE,7706,138
2364,AMPIT,251,1141
2365,AMORF,182,1303
2366,AMONI,27,2300
2367,AMINA,41,2087
2368,AMEBA,54,1935
2369,AMBRE,214,1217
2370,AMBIT,4185,245
2371,AMARG,1955,418
2372,AMANT,2508,355
2373,ALTRI,957,612
2374,ALTIU,666,727
2375,ALTAR,3908,257
2376,ALOSA,351,970
2377,ALMUD,56,1914
2378,ALLEN,24,2345
2379,ALLAU,553,797
2380,ALJUB,103,1611
2381,ALIGA,611,751
2382,ALIES,253,1135
2383,ALIAR,260,1125
2384,ALGUN,86975,11
2385,ALGID,166,1361
2386,ALGIA,44,2038
2387,ALFIL,19,2402
2388,ALEVI,68,1817
2389,ALETA,324,1004
2390,ALENA,33,2183
2391,ALDEA,49,1996
2392,ALCAT,667,726
2393,ALCAR,10557,95
2394,ALBUM,404,913
2395,ALBOR,59,1885
2396,ALBIR,423,897
2397,ALBER,197,1262
2398,ALBAT,112,1566
2399,ALARB,319,1019
2400,AJUST,263,1120
2401,AJUDA,3104,303
2402,AITAL,1113,570
2403,AIROS,526,817
2404,AIRAR,53,1939
2405,AIMIA,157,1393
2406,AIGUA,42135,24
2407,AIDAR,176,1321
2408,AGROR,154,1408
2409,AGRAS,39,2100
2410,AGRAM,34,2167
2411,AGOST,3851,260
2412,AGORA,101,1620
2413,AGENT,2911,323
2414,AGAVE,43,2058
2415,AGATA,37,2130
2416,AGAPE,12,2433
2417,AFUAT,148,1423
2418,AFUAR,162,1379
2419,AFRAU,186,1290
2420,AFANY,2889,325
2421,ADUST,154,1409
2422,ADULT,2754,333
2423,ADREC,70,1807
2424,ADORN,67,1826
2425,ADHUC,7232,149
2426,ADAGI,301,1050
2427,ACTOR,2714,336
2428,ACTIU,5246,210
2429,ACORD,11916,86
2430,ACERB,48,1989
2431,ACCIO,19164,52
2432,ACCES,2400,369
2433,ACANT,85,1702
2434,ABSIS,535,808
2435,ABRIL,4404,238
2436,ABRIC,1485,489
2437,ABRAC,155,1403
2438,ABAST,3449,280
2439,ABANS,42330,23
